<DepthMap>
  <FieldLength>1000e-3</FieldLength>
  <NearOfDepth>0.4</NearOfDepth>
  <FarOfDepth>0.6</FarOfDepth>
  
  <!-- H/W -->
  <IMG_Rotation>0</IMG_Rotation> <!-- Default 0 -->
  <IMG_Merge>0</IMG_Merge> <!-- Valid only if WaveNum is greater than 1 -->
  <IMG_Flip>0</IMG_Flip>
  <DoublePrecision>1</DoublePrecision> <!-- Default 1 -->
  
  <SLM_PixelNumX>1920</SLM_PixelNumX>
  <SLM_PixelNumY>1080</SLM_PixelNumY>
  <SLM_PixelPitchX>10e-6</SLM_PixelPitchX> 
  <SLM_PixelPitchY>10e-6</SLM_PixelPitchY>
  <SLM_WaveNum>1</SLM_WaveNum>    
  <SLM_WaveLength_1>638e-9</SLM_WaveLength_1> <!-- MAY: 638e-9 -->
  <SLM_WaveLength_2>520e-9</SLM_WaveLength_2>
  <SLM_WaveLength_3>450e-9</SLM_WaveLength_3> <!-- Double Type -->  
  
  <FlagChangeDepthQuantization>1</FlagChangeDepthQuantization>
  <DefaultDepthQuantization>256</DefaultDepthQuantization>
  <NumberOfDepthQuantization>256</NumberOfDepthQuantization>
  <RenderDepth>1:256</RenderDepth>
  <RandomPhase>0</RandomPhase>
</DepthMap>