﻿<LightField>
  <!-- About points -->
  <FieldLength>1000e-3</FieldLength> <!-- Double Type -->
  <Distance>0.5</Distance> <!-- Double Type -->
  
  <Image_NumOfX>10</Image_NumOfX>
  <Image_NumOfY>10</Image_NumOfY>
  <Image_Width>192</Image_Width>
  <Image_Height>108</Image_Height>
  
  <!-- H/W -->
  <IMG_Rotation>0</IMG_Rotation> <!-- Default 0 -->
  <IMG_Merge>0</IMG_Merge> <!-- Valid only if WaveNum is greater than 1 -->
  <IMG_Flip>0</IMG_Flip>
  
  <DoublePrecision>1</DoublePrecision> <!-- Default 1 -->
  
  <SLM_PixelPitchX>1e-5</SLM_PixelPitchX> <!-- Double Type -->
  <SLM_PixelPitchY>1e-5</SLM_PixelPitchY> <!-- Double Type -->
  <SLM_PixelNumX>1920</SLM_PixelNumX> <!-- Integer Type -->
  <SLM_PixelNumY>1080</SLM_PixelNumY> <!-- Integer Type -->
  <SLM_WaveNum>1</SLM_WaveNum> <!-- Integer Type -->
  <SLM_WaveLength_1>638e-9</SLM_WaveLength_1> <!-- Double Type -->
  
  <!-- GPU -->
  <NumOfStream>0</NumOfStream>
 </LightField>