<IFTA>  
  <DepthLevel>1</DepthLevel>
  <NearOfDepth>0.8</NearOfDepth>
  <FarOfDepth>1.0</FarOfDepth>
  <NumOfIteration>0</NumOfIteration>

  <!-- H/W -->
  <IMG_Rotation>1</IMG_Rotation> <!-- Default 0 -->
  <IMG_Merge>1</IMG_Merge> <!-- Valid only if WaveNum is greater than 1 -->
  <DoublePrecision>0</DoublePrecision> <!-- Default 1 -->
  
  <ShiftX>0</ShiftX>
  <ShiftY>-0.25</ShiftY>
  
  <SLM_PixelNumX>1920</SLM_PixelNumX>
  <SLM_PixelNumY>1080</SLM_PixelNumY>
  <SLM_PixelPitchX>3.6e-6</SLM_PixelPitchX> 
  <SLM_PixelPitchY>3.6e-6</SLM_PixelPitchY>
  <SLM_WaveNum>1</SLM_WaveNum>    
  <SLM_WaveLength_1>638e-9</SLM_WaveLength_1>
  <SLM_WaveLength_2>520e-9</SLM_WaveLength_2>
  <SLM_WaveLength_3>450e-9</SLM_WaveLength_3> <!-- Double Type -->  
</IFTA>